scope,rank_ic_mean,rank_ic_median,rank_ic_positive_rate,observations
full_sample,0.016829710500111422,0.015564660872308782,0.5817694369973191,4849
