{
  "CAGR": 0.18599310531193503,
  "Vol": 0.16528946871101538,
  "Sharpe": 0.9740070348547619,
  "MDD": -0.18756212578616793,
  "Calmar": 0.9916346625543064,
  "WinW": 0.5634095634095634
}