one_way_cost,cost_bps,cagr,sharpe,mdd,calmar,vol,final
0.0,0.0,0.44320758754379197,1.8224768241576559,-0.24097255161531494,1.8392451114155195,0.21380161227373926,10.432653668574654
0.0015,15.0,0.4345402717753819,1.7920712712705398,-0.2490651218413461,1.7446853600488592,0.2141030980420274,10.03860846923717
0.003,30.0,0.4259224850655974,1.7617092292384833,-0.257073401467812,1.6568127337706187,0.21440940097056607,9.659337247413331
0.005,50.0,0.41450863104505764,1.7212974590897632,-0.2676215281252302,1.5488613115275742,0.2148252694272283,9.175674462279192
0.01,100.0,0.3863522949647955,1.6206499569434296,-0.29335678794063524,1.3170047902316793,0.21590201602304057,8.069098035445178
0.02,200.0,0.33156057635148106,1.421114485696117,-0.34221197720833973,0.9688748449316429,0.21819049428141316,6.235737109521698
